Country,Color,Flag,Year,Warheads
Chiny,1,https://www.countryflags.io/cn/flat/64.png,1945,0.0
Francja,2,https://www.countryflags.io/fr/flat/64.png,1945,0.0
Indie,3,https://upload.wikimedia.org/wikipedia/en/thumb/4/41/Flag_of_India.svg/255px-Flag_of_India.svg.png,1945,0.0
Izrael,4,https://www.countryflags.io/il/flat/64.png,1945,0.0
Pakistan,5,https://www.countryflags.io/pk/flat/64.png,1945,0.0
Rosja,6,https://upload.wikimedia.org/wikipedia/en/thumb/f/f3/Flag_of_Russia.svg/255px-Flag_of_Russia.svg.png,1945,0.0
Wielka Brytania,7,https://www.countryflags.io/gb/flat/64.png,1945,0.0
USA,8,https://upload.wikimedia.org/wikipedia/en/thumb/a/a4/Flag_of_the_United_States.svg/220px-Flag_of_the_United_States.svg.png,1945,2.0
Korea Pó³nocna,9,https://democracychronicles.org/wp-content/uploads/NK-flag.jpg,1945,
Chiny,1,https://www.countryflags.io/cn/flat/64.png,1946,0.0
Francja,2,https://www.countryflags.io/fr/flat/64.png,1946,0.0
Indie,3,https://upload.wikimedia.org/wikipedia/en/thumb/4/41/Flag_of_India.svg/255px-Flag_of_India.svg.png,1946,0.0
Izrael,4,https://www.countryflags.io/il/flat/64.png,1946,0.0
Pakistan,5,https://www.countryflags.io/pk/flat/64.png,1946,0.0
Rosja,6,https://upload.wikimedia.org/wikipedia/en/thumb/f/f3/Flag_of_Russia.svg/255px-Flag_of_Russia.svg.png,1946,0.0
Wielka Brytania,7,https://www.countryflags.io/gb/flat/64.png,1946,0.0
USA,8,https://upload.wikimedia.org/wikipedia/en/thumb/a/a4/Flag_of_the_United_States.svg/220px-Flag_of_the_United_States.svg.png,1946,9.0
Korea Pó³nocna,9,https://democracychronicles.org/wp-content/uploads/NK-flag.jpg,1946,
Chiny,1,https://www.countryflags.io/cn/flat/64.png,1947,0.0
Francja,2,https://www.countryflags.io/fr/flat/64.png,1947,0.0
Indie,3,https://upload.wikimedia.org/wikipedia/en/thumb/4/41/Flag_of_India.svg/255px-Flag_of_India.svg.png,1947,0.0
Izrael,4,https://www.countryflags.io/il/flat/64.png,1947,0.0
Pakistan,5,https://www.countryflags.io/pk/flat/64.png,1947,0.0
Rosja,6,https://upload.wikimedia.org/wikipedia/en/thumb/f/f3/Flag_of_Russia.svg/255px-Flag_of_Russia.svg.png,1947,0.0
Wielka Brytania,7,https://www.countryflags.io/gb/flat/64.png,1947,0.0
USA,8,https://upload.wikimedia.org/wikipedia/en/thumb/a/a4/Flag_of_the_United_States.svg/220px-Flag_of_the_United_States.svg.png,1947,13.0
Korea Pó³nocna,9,https://democracychronicles.org/wp-content/uploads/NK-flag.jpg,1947,
Chiny,1,https://www.countryflags.io/cn/flat/64.png,1948,0.0
Francja,2,https://www.countryflags.io/fr/flat/64.png,1948,0.0
Indie,3,https://upload.wikimedia.org/wikipedia/en/thumb/4/41/Flag_of_India.svg/255px-Flag_of_India.svg.png,1948,0.0
Izrael,4,https://www.countryflags.io/il/flat/64.png,1948,0.0
Pakistan,5,https://www.countryflags.io/pk/flat/64.png,1948,0.0
Rosja,6,https://upload.wikimedia.org/wikipedia/en/thumb/f/f3/Flag_of_Russia.svg/255px-Flag_of_Russia.svg.png,1948,0.0
Wielka Brytania,7,https://www.countryflags.io/gb/flat/64.png,1948,0.0
USA,8,https://upload.wikimedia.org/wikipedia/en/thumb/a/a4/Flag_of_the_United_States.svg/220px-Flag_of_the_United_States.svg.png,1948,50.0
Korea Pó³nocna,9,https://democracychronicles.org/wp-content/uploads/NK-flag.jpg,1948,
Chiny,1,https://www.countryflags.io/cn/flat/64.png,1949,0.0
Francja,2,https://www.countryflags.io/fr/flat/64.png,1949,0.0
Indie,3,https://upload.wikimedia.org/wikipedia/en/thumb/4/41/Flag_of_India.svg/255px-Flag_of_India.svg.png,1949,0.0
Izrael,4,https://www.countryflags.io/il/flat/64.png,1949,0.0
Pakistan,5,https://www.countryflags.io/pk/flat/64.png,1949,0.0
Rosja,6,https://upload.wikimedia.org/wikipedia/en/thumb/f/f3/Flag_of_Russia.svg/255px-Flag_of_Russia.svg.png,1949,1.0
Wielka Brytania,7,https://www.countryflags.io/gb/flat/64.png,1949,0.0
USA,8,https://upload.wikimedia.org/wikipedia/en/thumb/a/a4/Flag_of_the_United_States.svg/220px-Flag_of_the_United_States.svg.png,1949,170.0
Korea Pó³nocna,9,https://democracychronicles.org/wp-content/uploads/NK-flag.jpg,1949,
Chiny,1,https://www.countryflags.io/cn/flat/64.png,1950,0.0
Francja,2,https://www.countryflags.io/fr/flat/64.png,1950,0.0
Indie,3,https://upload.wikimedia.org/wikipedia/en/thumb/4/41/Flag_of_India.svg/255px-Flag_of_India.svg.png,1950,0.0
Izrael,4,https://www.countryflags.io/il/flat/64.png,1950,0.0
Pakistan,5,https://www.countryflags.io/pk/flat/64.png,1950,0.0
Rosja,6,https://upload.wikimedia.org/wikipedia/en/thumb/f/f3/Flag_of_Russia.svg/255px-Flag_of_Russia.svg.png,1950,5.0
Wielka Brytania,7,https://www.countryflags.io/gb/flat/64.png,1950,0.0
USA,8,https://upload.wikimedia.org/wikipedia/en/thumb/a/a4/Flag_of_the_United_States.svg/220px-Flag_of_the_United_States.svg.png,1950,299.0
Korea Pó³nocna,9,https://democracychronicles.org/wp-content/uploads/NK-flag.jpg,1950,
Chiny,1,https://www.countryflags.io/cn/flat/64.png,1951,0.0
Francja,2,https://www.countryflags.io/fr/flat/64.png,1951,0.0
Indie,3,https://upload.wikimedia.org/wikipedia/en/thumb/4/41/Flag_of_India.svg/255px-Flag_of_India.svg.png,1951,0.0
Izrael,4,https://www.countryflags.io/il/flat/64.png,1951,0.0
Pakistan,5,https://www.countryflags.io/pk/flat/64.png,1951,0.0
Rosja,6,https://upload.wikimedia.org/wikipedia/en/thumb/f/f3/Flag_of_Russia.svg/255px-Flag_of_Russia.svg.png,1951,25.0
Wielka Brytania,7,https://www.countryflags.io/gb/flat/64.png,1951,0.0
USA,8,https://upload.wikimedia.org/wikipedia/en/thumb/a/a4/Flag_of_the_United_States.svg/220px-Flag_of_the_United_States.svg.png,1951,438.0
Korea Pó³nocna,9,https://democracychronicles.org/wp-content/uploads/NK-flag.jpg,1951,
Chiny,1,https://www.countryflags.io/cn/flat/64.png,1952,0.0
Francja,2,https://www.countryflags.io/fr/flat/64.png,1952,0.0
Indie,3,https://upload.wikimedia.org/wikipedia/en/thumb/4/41/Flag_of_India.svg/255px-Flag_of_India.svg.png,1952,0.0
Izrael,4,https://www.countryflags.io/il/flat/64.png,1952,0.0
Pakistan,5,https://www.countryflags.io/pk/flat/64.png,1952,0.0
Rosja,6,https://upload.wikimedia.org/wikipedia/en/thumb/f/f3/Flag_of_Russia.svg/255px-Flag_of_Russia.svg.png,1952,50.0
Wielka Brytania,7,https://www.countryflags.io/gb/flat/64.png,1952,0.0
USA,8,https://upload.wikimedia.org/wikipedia/en/thumb/a/a4/Flag_of_the_United_States.svg/220px-Flag_of_the_United_States.svg.png,1952,841.0
Korea Pó³nocna,9,https://democracychronicles.org/wp-content/uploads/NK-flag.jpg,1952,
Chiny,1,https://www.countryflags.io/cn/flat/64.png,1953,0.0
Francja,2,https://www.countryflags.io/fr/flat/64.png,1953,0.0
Indie,3,https://upload.wikimedia.org/wikipedia/en/thumb/4/41/Flag_of_India.svg/255px-Flag_of_India.svg.png,1953,0.0
Izrael,4,https://www.countryflags.io/il/flat/64.png,1953,0.0
Pakistan,5,https://www.countryflags.io/pk/flat/64.png,1953,0.0
Rosja,6,https://upload.wikimedia.org/wikipedia/en/thumb/f/f3/Flag_of_Russia.svg/255px-Flag_of_Russia.svg.png,1953,120.0
Wielka Brytania,7,https://www.countryflags.io/gb/flat/64.png,1953,1.0
USA,8,https://upload.wikimedia.org/wikipedia/en/thumb/a/a4/Flag_of_the_United_States.svg/220px-Flag_of_the_United_States.svg.png,1953,1169.0
Korea Pó³nocna,9,https://democracychronicles.org/wp-content/uploads/NK-flag.jpg,1953,
Chiny,1,https://www.countryflags.io/cn/flat/64.png,1954,0.0
Francja,2,https://www.countryflags.io/fr/flat/64.png,1954,0.0
Indie,3,https://upload.wikimedia.org/wikipedia/en/thumb/4/41/Flag_of_India.svg/255px-Flag_of_India.svg.png,1954,0.0
Izrael,4,https://www.countryflags.io/il/flat/64.png,1954,0.0
Pakistan,5,https://www.countryflags.io/pk/flat/64.png,1954,0.0
Rosja,6,https://upload.wikimedia.org/wikipedia/en/thumb/f/f3/Flag_of_Russia.svg/255px-Flag_of_Russia.svg.png,1954,150.0
Wielka Brytania,7,https://www.countryflags.io/gb/flat/64.png,1954,5.0
USA,8,https://upload.wikimedia.org/wikipedia/en/thumb/a/a4/Flag_of_the_United_States.svg/220px-Flag_of_the_United_States.svg.png,1954,1703.0
Korea Pó³nocna,9,https://democracychronicles.org/wp-content/uploads/NK-flag.jpg,1954,
Chiny,1,https://www.countryflags.io/cn/flat/64.png,1955,0.0
Francja,2,https://www.countryflags.io/fr/flat/64.png,1955,0.0
Indie,3,https://upload.wikimedia.org/wikipedia/en/thumb/4/41/Flag_of_India.svg/255px-Flag_of_India.svg.png,1955,0.0
Izrael,4,https://www.countryflags.io/il/flat/64.png,1955,0.0
Pakistan,5,https://www.countryflags.io/pk/flat/64.png,1955,0.0
Rosja,6,https://upload.wikimedia.org/wikipedia/en/thumb/f/f3/Flag_of_Russia.svg/255px-Flag_of_Russia.svg.png,1955,200.0
Wielka Brytania,7,https://www.countryflags.io/gb/flat/64.png,1955,10.0
USA,8,https://upload.wikimedia.org/wikipedia/en/thumb/a/a4/Flag_of_the_United_States.svg/220px-Flag_of_the_United_States.svg.png,1955,2422.0
Korea Pó³nocna,9,https://democracychronicles.org/wp-content/uploads/NK-flag.jpg,1955,
Chiny,1,https://www.countryflags.io/cn/flat/64.png,1956,0.0
Francja,2,https://www.countryflags.io/fr/flat/64.png,1956,0.0
Indie,3,https://upload.wikimedia.org/wikipedia/en/thumb/4/41/Flag_of_India.svg/255px-Flag_of_India.svg.png,1956,0.0
Izrael,4,https://www.countryflags.io/il/flat/64.png,1956,0.0
Pakistan,5,https://www.countryflags.io/pk/flat/64.png,1956,0.0
Rosja,6,https://upload.wikimedia.org/wikipedia/en/thumb/f/f3/Flag_of_Russia.svg/255px-Flag_of_Russia.svg.png,1956,426.0
Wielka Brytania,7,https://www.countryflags.io/gb/flat/64.png,1956,50.0
USA,8,https://upload.wikimedia.org/wikipedia/en/thumb/a/a4/Flag_of_the_United_States.svg/220px-Flag_of_the_United_States.svg.png,1956,3692.0
Korea Pó³nocna,9,https://democracychronicles.org/wp-content/uploads/NK-flag.jpg,1956,
Chiny,1,https://www.countryflags.io/cn/flat/64.png,1957,0.0
Francja,2,https://www.countryflags.io/fr/flat/64.png,1957,0.0
Indie,3,https://upload.wikimedia.org/wikipedia/en/thumb/4/41/Flag_of_India.svg/255px-Flag_of_India.svg.png,1957,0.0
Izrael,4,https://www.countryflags.io/il/flat/64.png,1957,0.0
Pakistan,5,https://www.countryflags.io/pk/flat/64.png,1957,0.0
Rosja,6,https://upload.wikimedia.org/wikipedia/en/thumb/f/f3/Flag_of_Russia.svg/255px-Flag_of_Russia.svg.png,1957,660.0
Wielka Brytania,7,https://www.countryflags.io/gb/flat/64.png,1957,58.0
USA,8,https://upload.wikimedia.org/wikipedia/en/thumb/a/a4/Flag_of_the_United_States.svg/220px-Flag_of_the_United_States.svg.png,1957,5543.0
Korea Pó³nocna,9,https://democracychronicles.org/wp-content/uploads/NK-flag.jpg,1957,
Chiny,1,https://www.countryflags.io/cn/flat/64.png,1958,0.0
Francja,2,https://www.countryflags.io/fr/flat/64.png,1958,0.0
Indie,3,https://upload.wikimedia.org/wikipedia/en/thumb/4/41/Flag_of_India.svg/255px-Flag_of_India.svg.png,1958,0.0
Izrael,4,https://www.countryflags.io/il/flat/64.png,1958,0.0
Pakistan,5,https://www.countryflags.io/pk/flat/64.png,1958,0.0
Rosja,6,https://upload.wikimedia.org/wikipedia/en/thumb/f/f3/Flag_of_Russia.svg/255px-Flag_of_Russia.svg.png,1958,863.0
Wielka Brytania,7,https://www.countryflags.io/gb/flat/64.png,1958,60.0
USA,8,https://upload.wikimedia.org/wikipedia/en/thumb/a/a4/Flag_of_the_United_States.svg/220px-Flag_of_the_United_States.svg.png,1958,7345.0
Korea Pó³nocna,9,https://democracychronicles.org/wp-content/uploads/NK-flag.jpg,1958,
Chiny,1,https://www.countryflags.io/cn/flat/64.png,1959,0.0
Francja,2,https://www.countryflags.io/fr/flat/64.png,1959,0.0
Indie,3,https://upload.wikimedia.org/wikipedia/en/thumb/4/41/Flag_of_India.svg/255px-Flag_of_India.svg.png,1959,0.0
Izrael,4,https://www.countryflags.io/il/flat/64.png,1959,0.0
Pakistan,5,https://www.countryflags.io/pk/flat/64.png,1959,0.0
Rosja,6,https://upload.wikimedia.org/wikipedia/en/thumb/f/f3/Flag_of_Russia.svg/255px-Flag_of_Russia.svg.png,1959,1048.0
Wielka Brytania,7,https://www.countryflags.io/gb/flat/64.png,1959,78.0
USA,8,https://upload.wikimedia.org/wikipedia/en/thumb/a/a4/Flag_of_the_United_States.svg/220px-Flag_of_the_United_States.svg.png,1959,12298.0
Korea Pó³nocna,9,https://democracychronicles.org/wp-content/uploads/NK-flag.jpg,1959,
Chiny,1,https://www.countryflags.io/cn/flat/64.png,1960,0.0
Francja,2,https://www.countryflags.io/fr/flat/64.png,1960,0.0
Indie,3,https://upload.wikimedia.org/wikipedia/en/thumb/4/41/Flag_of_India.svg/255px-Flag_of_India.svg.png,1960,0.0
Izrael,4,https://www.countryflags.io/il/flat/64.png,1960,0.0
Pakistan,5,https://www.countryflags.io/pk/flat/64.png,1960,0.0
Rosja,6,https://upload.wikimedia.org/wikipedia/en/thumb/f/f3/Flag_of_Russia.svg/255px-Flag_of_Russia.svg.png,1960,1627.0
Wielka Brytania,7,https://www.countryflags.io/gb/flat/64.png,1960,105.0
USA,8,https://upload.wikimedia.org/wikipedia/en/thumb/a/a4/Flag_of_the_United_States.svg/220px-Flag_of_the_United_States.svg.png,1960,18638.0
Korea Pó³nocna,9,https://democracychronicles.org/wp-content/uploads/NK-flag.jpg,1960,
Chiny,1,https://www.countryflags.io/cn/flat/64.png,1961,0.0
Francja,2,https://www.countryflags.io/fr/flat/64.png,1961,0.0
Indie,3,https://upload.wikimedia.org/wikipedia/en/thumb/4/41/Flag_of_India.svg/255px-Flag_of_India.svg.png,1961,0.0
Izrael,4,https://www.countryflags.io/il/flat/64.png,1961,0.0
Pakistan,5,https://www.countryflags.io/pk/flat/64.png,1961,0.0
Rosja,6,https://upload.wikimedia.org/wikipedia/en/thumb/f/f3/Flag_of_Russia.svg/255px-Flag_of_Russia.svg.png,1961,2492.0
Wielka Brytania,7,https://www.countryflags.io/gb/flat/64.png,1961,155.0
USA,8,https://upload.wikimedia.org/wikipedia/en/thumb/a/a4/Flag_of_the_United_States.svg/220px-Flag_of_the_United_States.svg.png,1961,22229.0
Korea Pó³nocna,9,https://democracychronicles.org/wp-content/uploads/NK-flag.jpg,1961,
Chiny,1,https://www.countryflags.io/cn/flat/64.png,1962,0.0
Francja,2,https://www.countryflags.io/fr/flat/64.png,1962,0.0
Indie,3,https://upload.wikimedia.org/wikipedia/en/thumb/4/41/Flag_of_India.svg/255px-Flag_of_India.svg.png,1962,0.0
Izrael,4,https://www.countryflags.io/il/flat/64.png,1962,0.0
Pakistan,5,https://www.countryflags.io/pk/flat/64.png,1962,0.0
Rosja,6,https://upload.wikimedia.org/wikipedia/en/thumb/f/f3/Flag_of_Russia.svg/255px-Flag_of_Russia.svg.png,1962,3346.0
Wielka Brytania,7,https://www.countryflags.io/gb/flat/64.png,1962,211.0
USA,8,https://upload.wikimedia.org/wikipedia/en/thumb/a/a4/Flag_of_the_United_States.svg/220px-Flag_of_the_United_States.svg.png,1962,25540.0
Korea Pó³nocna,9,https://democracychronicles.org/wp-content/uploads/NK-flag.jpg,1962,
Chiny,1,https://www.countryflags.io/cn/flat/64.png,1963,0.0
Francja,2,https://www.countryflags.io/fr/flat/64.png,1963,0.0
Indie,3,https://upload.wikimedia.org/wikipedia/en/thumb/4/41/Flag_of_India.svg/255px-Flag_of_India.svg.png,1963,0.0
Izrael,4,https://www.countryflags.io/il/flat/64.png,1963,0.0
Pakistan,5,https://www.countryflags.io/pk/flat/64.png,1963,0.0
Rosja,6,https://upload.wikimedia.org/wikipedia/en/thumb/f/f3/Flag_of_Russia.svg/255px-Flag_of_Russia.svg.png,1963,4259.0
Wielka Brytania,7,https://www.countryflags.io/gb/flat/64.png,1963,256.0
USA,8,https://upload.wikimedia.org/wikipedia/en/thumb/a/a4/Flag_of_the_United_States.svg/220px-Flag_of_the_United_States.svg.png,1963,28133.0
Korea Pó³nocna,9,https://democracychronicles.org/wp-content/uploads/NK-flag.jpg,1963,
Chiny,1,https://www.countryflags.io/cn/flat/64.png,1964,1.0
Francja,2,https://www.countryflags.io/fr/flat/64.png,1964,4.0
Indie,3,https://upload.wikimedia.org/wikipedia/en/thumb/4/41/Flag_of_India.svg/255px-Flag_of_India.svg.png,1964,0.0
Izrael,4,https://www.countryflags.io/il/flat/64.png,1964,0.0
Pakistan,5,https://www.countryflags.io/pk/flat/64.png,1964,0.0
Rosja,6,https://upload.wikimedia.org/wikipedia/en/thumb/f/f3/Flag_of_Russia.svg/255px-Flag_of_Russia.svg.png,1964,5242.0
Wielka Brytania,7,https://www.countryflags.io/gb/flat/64.png,1964,271.0
USA,8,https://upload.wikimedia.org/wikipedia/en/thumb/a/a4/Flag_of_the_United_States.svg/220px-Flag_of_the_United_States.svg.png,1964,29463.0
Korea Pó³nocna,9,https://democracychronicles.org/wp-content/uploads/NK-flag.jpg,1964,
Chiny,1,https://www.countryflags.io/cn/flat/64.png,1965,5.0
Francja,2,https://www.countryflags.io/fr/flat/64.png,1965,32.0
Indie,3,https://upload.wikimedia.org/wikipedia/en/thumb/4/41/Flag_of_India.svg/255px-Flag_of_India.svg.png,1965,0.0
Izrael,4,https://www.countryflags.io/il/flat/64.png,1965,0.0
Pakistan,5,https://www.countryflags.io/pk/flat/64.png,1965,0.0
Rosja,6,https://upload.wikimedia.org/wikipedia/en/thumb/f/f3/Flag_of_Russia.svg/255px-Flag_of_Russia.svg.png,1965,6144.0
Wielka Brytania,7,https://www.countryflags.io/gb/flat/64.png,1965,271.0
USA,8,https://upload.wikimedia.org/wikipedia/en/thumb/a/a4/Flag_of_the_United_States.svg/220px-Flag_of_the_United_States.svg.png,1965,31139.0
Korea Pó³nocna,9,https://democracychronicles.org/wp-content/uploads/NK-flag.jpg,1965,
Chiny,1,https://www.countryflags.io/cn/flat/64.png,1966,20.0
Francja,2,https://www.countryflags.io/fr/flat/64.png,1966,36.0
Indie,3,https://upload.wikimedia.org/wikipedia/en/thumb/4/41/Flag_of_India.svg/255px-Flag_of_India.svg.png,1966,0.0
Izrael,4,https://www.countryflags.io/il/flat/64.png,1966,0.0
Pakistan,5,https://www.countryflags.io/pk/flat/64.png,1966,0.0
Rosja,6,https://upload.wikimedia.org/wikipedia/en/thumb/f/f3/Flag_of_Russia.svg/255px-Flag_of_Russia.svg.png,1966,7091.0
Wielka Brytania,7,https://www.countryflags.io/gb/flat/64.png,1966,281.0
USA,8,https://upload.wikimedia.org/wikipedia/en/thumb/a/a4/Flag_of_the_United_States.svg/220px-Flag_of_the_United_States.svg.png,1966,31175.0
Korea Pó³nocna,9,https://democracychronicles.org/wp-content/uploads/NK-flag.jpg,1966,
Chiny,1,https://www.countryflags.io/cn/flat/64.png,1967,25.0
Francja,2,https://www.countryflags.io/fr/flat/64.png,1967,36.0
Indie,3,https://upload.wikimedia.org/wikipedia/en/thumb/4/41/Flag_of_India.svg/255px-Flag_of_India.svg.png,1967,0.0
Izrael,4,https://www.countryflags.io/il/flat/64.png,1967,2.0
Pakistan,5,https://www.countryflags.io/pk/flat/64.png,1967,0.0
Rosja,6,https://upload.wikimedia.org/wikipedia/en/thumb/f/f3/Flag_of_Russia.svg/255px-Flag_of_Russia.svg.png,1967,8400.0
Wielka Brytania,7,https://www.countryflags.io/gb/flat/64.png,1967,355.0
USA,8,https://upload.wikimedia.org/wikipedia/en/thumb/a/a4/Flag_of_the_United_States.svg/220px-Flag_of_the_United_States.svg.png,1967,31255.0
Korea Pó³nocna,9,https://democracychronicles.org/wp-content/uploads/NK-flag.jpg,1967,
Chiny,1,https://www.countryflags.io/cn/flat/64.png,1968,35.0
Francja,2,https://www.countryflags.io/fr/flat/64.png,1968,36.0
Indie,3,https://upload.wikimedia.org/wikipedia/en/thumb/4/41/Flag_of_India.svg/255px-Flag_of_India.svg.png,1968,0.0
Izrael,4,https://www.countryflags.io/il/flat/64.png,1968,4.0
Pakistan,5,https://www.countryflags.io/pk/flat/64.png,1968,0.0
Rosja,6,https://upload.wikimedia.org/wikipedia/en/thumb/f/f3/Flag_of_Russia.svg/255px-Flag_of_Russia.svg.png,1968,9490.0
Wielka Brytania,7,https://www.countryflags.io/gb/flat/64.png,1968,317.0
USA,8,https://upload.wikimedia.org/wikipedia/en/thumb/a/a4/Flag_of_the_United_States.svg/220px-Flag_of_the_United_States.svg.png,1968,29561.0
Korea Pó³nocna,9,https://democracychronicles.org/wp-content/uploads/NK-flag.jpg,1968,
Chiny,1,https://www.countryflags.io/cn/flat/64.png,1969,50.0
Francja,2,https://www.countryflags.io/fr/flat/64.png,1969,36.0
Indie,3,https://upload.wikimedia.org/wikipedia/en/thumb/4/41/Flag_of_India.svg/255px-Flag_of_India.svg.png,1969,0.0
Izrael,4,https://www.countryflags.io/il/flat/64.png,1969,6.0
Pakistan,5,https://www.countryflags.io/pk/flat/64.png,1969,0.0
Rosja,6,https://upload.wikimedia.org/wikipedia/en/thumb/f/f3/Flag_of_Russia.svg/255px-Flag_of_Russia.svg.png,1969,10671.0
Wielka Brytania,7,https://www.countryflags.io/gb/flat/64.png,1969,306.0
USA,8,https://upload.wikimedia.org/wikipedia/en/thumb/a/a4/Flag_of_the_United_States.svg/220px-Flag_of_the_United_States.svg.png,1969,27552.0
Korea Pó³nocna,9,https://democracychronicles.org/wp-content/uploads/NK-flag.jpg,1969,
Chiny,1,https://www.countryflags.io/cn/flat/64.png,1970,75.0
Francja,2,https://www.countryflags.io/fr/flat/64.png,1970,36.0
Indie,3,https://upload.wikimedia.org/wikipedia/en/thumb/4/41/Flag_of_India.svg/255px-Flag_of_India.svg.png,1970,0.0
Izrael,4,https://www.countryflags.io/il/flat/64.png,1970,8.0
Pakistan,5,https://www.countryflags.io/pk/flat/64.png,1970,0.0
Rosja,6,https://upload.wikimedia.org/wikipedia/en/thumb/f/f3/Flag_of_Russia.svg/255px-Flag_of_Russia.svg.png,1970,11736.0
Wielka Brytania,7,https://www.countryflags.io/gb/flat/64.png,1970,375.0
USA,8,https://upload.wikimedia.org/wikipedia/en/thumb/a/a4/Flag_of_the_United_States.svg/220px-Flag_of_the_United_States.svg.png,1970,26008.0
Korea Pó³nocna,9,https://democracychronicles.org/wp-content/uploads/NK-flag.jpg,1970,
Chiny,1,https://www.countryflags.io/cn/flat/64.png,1971,100.0
Francja,2,https://www.countryflags.io/fr/flat/64.png,1971,45.0
Indie,3,https://upload.wikimedia.org/wikipedia/en/thumb/4/41/Flag_of_India.svg/255px-Flag_of_India.svg.png,1971,0.0
Izrael,4,https://www.countryflags.io/il/flat/64.png,1971,11.0
Pakistan,5,https://www.countryflags.io/pk/flat/64.png,1971,0.0
Rosja,6,https://upload.wikimedia.org/wikipedia/en/thumb/f/f3/Flag_of_Russia.svg/255px-Flag_of_Russia.svg.png,1971,13279.0
Wielka Brytania,7,https://www.countryflags.io/gb/flat/64.png,1971,412.0
USA,8,https://upload.wikimedia.org/wikipedia/en/thumb/a/a4/Flag_of_the_United_States.svg/220px-Flag_of_the_United_States.svg.png,1971,25830.0
Korea Pó³nocna,9,https://democracychronicles.org/wp-content/uploads/NK-flag.jpg,1971,
Chiny,1,https://www.countryflags.io/cn/flat/64.png,1972,130.0
Francja,2,https://www.countryflags.io/fr/flat/64.png,1972,70.0
Indie,3,https://upload.wikimedia.org/wikipedia/en/thumb/4/41/Flag_of_India.svg/255px-Flag_of_India.svg.png,1972,0.0
Izrael,4,https://www.countryflags.io/il/flat/64.png,1972,13.0
Pakistan,5,https://www.countryflags.io/pk/flat/64.png,1972,0.0
Rosja,6,https://upload.wikimedia.org/wikipedia/en/thumb/f/f3/Flag_of_Russia.svg/255px-Flag_of_Russia.svg.png,1972,14600.0
Wielka Brytania,7,https://www.countryflags.io/gb/flat/64.png,1972,423.0
USA,8,https://upload.wikimedia.org/wikipedia/en/thumb/a/a4/Flag_of_the_United_States.svg/220px-Flag_of_the_United_States.svg.png,1972,26516.0
Korea Pó³nocna,9,https://democracychronicles.org/wp-content/uploads/NK-flag.jpg,1972,
Chiny,1,https://www.countryflags.io/cn/flat/64.png,1973,150.0
Francja,2,https://www.countryflags.io/fr/flat/64.png,1973,116.0
Indie,3,https://upload.wikimedia.org/wikipedia/en/thumb/4/41/Flag_of_India.svg/255px-Flag_of_India.svg.png,1973,0.0
Izrael,4,https://www.countryflags.io/il/flat/64.png,1973,15.0
Pakistan,5,https://www.countryflags.io/pk/flat/64.png,1973,0.0
Rosja,6,https://upload.wikimedia.org/wikipedia/en/thumb/f/f3/Flag_of_Russia.svg/255px-Flag_of_Russia.svg.png,1973,15878.0
Wielka Brytania,7,https://www.countryflags.io/gb/flat/64.png,1973,500.0
USA,8,https://upload.wikimedia.org/wikipedia/en/thumb/a/a4/Flag_of_the_United_States.svg/220px-Flag_of_the_United_States.svg.png,1973,27835.0
Korea Pó³nocna,9,https://democracychronicles.org/wp-content/uploads/NK-flag.jpg,1973,
Chiny,1,https://www.countryflags.io/cn/flat/64.png,1974,170.0
Francja,2,https://www.countryflags.io/fr/flat/64.png,1974,145.0
Indie,3,https://upload.wikimedia.org/wikipedia/en/thumb/4/41/Flag_of_India.svg/255px-Flag_of_India.svg.png,1974,0.0
Izrael,4,https://www.countryflags.io/il/flat/64.png,1974,17.0
Pakistan,5,https://www.countryflags.io/pk/flat/64.png,1974,0.0
Rosja,6,https://upload.wikimedia.org/wikipedia/en/thumb/f/f3/Flag_of_Russia.svg/255px-Flag_of_Russia.svg.png,1974,17286.0
Wielka Brytania,7,https://www.countryflags.io/gb/flat/64.png,1974,500.0
USA,8,https://upload.wikimedia.org/wikipedia/en/thumb/a/a4/Flag_of_the_United_States.svg/220px-Flag_of_the_United_States.svg.png,1974,28537.0
Korea Pó³nocna,9,https://democracychronicles.org/wp-content/uploads/NK-flag.jpg,1974,
Chiny,1,https://www.countryflags.io/cn/flat/64.png,1975,180.0
Francja,2,https://www.countryflags.io/fr/flat/64.png,1975,188.0
Indie,3,https://upload.wikimedia.org/wikipedia/en/thumb/4/41/Flag_of_India.svg/255px-Flag_of_India.svg.png,1975,0.0
Izrael,4,https://www.countryflags.io/il/flat/64.png,1975,20.0
Pakistan,5,https://www.countryflags.io/pk/flat/64.png,1975,0.0
Rosja,6,https://upload.wikimedia.org/wikipedia/en/thumb/f/f3/Flag_of_Russia.svg/255px-Flag_of_Russia.svg.png,1975,19235.0
Wielka Brytania,7,https://www.countryflags.io/gb/flat/64.png,1975,500.0
USA,8,https://upload.wikimedia.org/wikipedia/en/thumb/a/a4/Flag_of_the_United_States.svg/220px-Flag_of_the_United_States.svg.png,1975,27519.0
Korea Pó³nocna,9,https://democracychronicles.org/wp-content/uploads/NK-flag.jpg,1975,
Chiny,1,https://www.countryflags.io/cn/flat/64.png,1976,180.0
Francja,2,https://www.countryflags.io/fr/flat/64.png,1976,212.0
Indie,3,https://upload.wikimedia.org/wikipedia/en/thumb/4/41/Flag_of_India.svg/255px-Flag_of_India.svg.png,1976,0.0
Izrael,4,https://www.countryflags.io/il/flat/64.png,1976,22.0
Pakistan,5,https://www.countryflags.io/pk/flat/64.png,1976,0.0
Rosja,6,https://upload.wikimedia.org/wikipedia/en/thumb/f/f3/Flag_of_Russia.svg/255px-Flag_of_Russia.svg.png,1976,22165.0
Wielka Brytania,7,https://www.countryflags.io/gb/flat/64.png,1976,500.0
USA,8,https://upload.wikimedia.org/wikipedia/en/thumb/a/a4/Flag_of_the_United_States.svg/220px-Flag_of_the_United_States.svg.png,1976,25914.0
Korea Pó³nocna,9,https://democracychronicles.org/wp-content/uploads/NK-flag.jpg,1976,
Chiny,1,https://www.countryflags.io/cn/flat/64.png,1977,180.0
Francja,2,https://www.countryflags.io/fr/flat/64.png,1977,228.0
Indie,3,https://upload.wikimedia.org/wikipedia/en/thumb/4/41/Flag_of_India.svg/255px-Flag_of_India.svg.png,1977,0.0
Izrael,4,https://www.countryflags.io/il/flat/64.png,1977,24.0
Pakistan,5,https://www.countryflags.io/pk/flat/64.png,1977,0.0
Rosja,6,https://upload.wikimedia.org/wikipedia/en/thumb/f/f3/Flag_of_Russia.svg/255px-Flag_of_Russia.svg.png,1977,24281.0
Wielka Brytania,7,https://www.countryflags.io/gb/flat/64.png,1977,500.0
USA,8,https://upload.wikimedia.org/wikipedia/en/thumb/a/a4/Flag_of_the_United_States.svg/220px-Flag_of_the_United_States.svg.png,1977,25542.0
Korea Pó³nocna,9,https://democracychronicles.org/wp-content/uploads/NK-flag.jpg,1977,
Chiny,1,https://www.countryflags.io/cn/flat/64.png,1978,190.0
Francja,2,https://www.countryflags.io/fr/flat/64.png,1978,235.0
Indie,3,https://upload.wikimedia.org/wikipedia/en/thumb/4/41/Flag_of_India.svg/255px-Flag_of_India.svg.png,1978,0.0
Izrael,4,https://www.countryflags.io/il/flat/64.png,1978,26.0
Pakistan,5,https://www.countryflags.io/pk/flat/64.png,1978,0.0
Rosja,6,https://upload.wikimedia.org/wikipedia/en/thumb/f/f3/Flag_of_Russia.svg/255px-Flag_of_Russia.svg.png,1978,26169.0
Wielka Brytania,7,https://www.countryflags.io/gb/flat/64.png,1978,500.0
USA,8,https://upload.wikimedia.org/wikipedia/en/thumb/a/a4/Flag_of_the_United_States.svg/220px-Flag_of_the_United_States.svg.png,1978,24418.0
Korea Pó³nocna,9,https://democracychronicles.org/wp-content/uploads/NK-flag.jpg,1978,
Chiny,1,https://www.countryflags.io/cn/flat/64.png,1979,195.0
Francja,2,https://www.countryflags.io/fr/flat/64.png,1979,235.0
Indie,3,https://upload.wikimedia.org/wikipedia/en/thumb/4/41/Flag_of_India.svg/255px-Flag_of_India.svg.png,1979,0.0
Izrael,4,https://www.countryflags.io/il/flat/64.png,1979,29.0
Pakistan,5,https://www.countryflags.io/pk/flat/64.png,1979,0.0
Rosja,6,https://upload.wikimedia.org/wikipedia/en/thumb/f/f3/Flag_of_Russia.svg/255px-Flag_of_Russia.svg.png,1979,28258.0
Wielka Brytania,7,https://www.countryflags.io/gb/flat/64.png,1979,500.0
USA,8,https://upload.wikimedia.org/wikipedia/en/thumb/a/a4/Flag_of_the_United_States.svg/220px-Flag_of_the_United_States.svg.png,1979,24138.0
Korea Pó³nocna,9,https://democracychronicles.org/wp-content/uploads/NK-flag.jpg,1979,
Chiny,1,https://www.countryflags.io/cn/flat/64.png,1980,205.0
Francja,2,https://www.countryflags.io/fr/flat/64.png,1980,250.0
Indie,3,https://upload.wikimedia.org/wikipedia/en/thumb/4/41/Flag_of_India.svg/255px-Flag_of_India.svg.png,1980,0.0
Izrael,4,https://www.countryflags.io/il/flat/64.png,1980,31.0
Pakistan,5,https://www.countryflags.io/pk/flat/64.png,1980,0.0
Rosja,6,https://upload.wikimedia.org/wikipedia/en/thumb/f/f3/Flag_of_Russia.svg/255px-Flag_of_Russia.svg.png,1980,30665.0
Wielka Brytania,7,https://www.countryflags.io/gb/flat/64.png,1980,500.0
USA,8,https://upload.wikimedia.org/wikipedia/en/thumb/a/a4/Flag_of_the_United_States.svg/220px-Flag_of_the_United_States.svg.png,1980,24104.0
Korea Pó³nocna,9,https://democracychronicles.org/wp-content/uploads/NK-flag.jpg,1980,
Chiny,1,https://www.countryflags.io/cn/flat/64.png,1981,210.0
Francja,2,https://www.countryflags.io/fr/flat/64.png,1981,274.0
Indie,3,https://upload.wikimedia.org/wikipedia/en/thumb/4/41/Flag_of_India.svg/255px-Flag_of_India.svg.png,1981,0.0
Izrael,4,https://www.countryflags.io/il/flat/64.png,1981,33.0
Pakistan,5,https://www.countryflags.io/pk/flat/64.png,1981,0.0
Rosja,6,https://upload.wikimedia.org/wikipedia/en/thumb/f/f3/Flag_of_Russia.svg/255px-Flag_of_Russia.svg.png,1981,32146.0
Wielka Brytania,7,https://www.countryflags.io/gb/flat/64.png,1981,500.0
USA,8,https://upload.wikimedia.org/wikipedia/en/thumb/a/a4/Flag_of_the_United_States.svg/220px-Flag_of_the_United_States.svg.png,1981,23208.0
Korea Pó³nocna,9,https://democracychronicles.org/wp-content/uploads/NK-flag.jpg,1981,
Chiny,1,https://www.countryflags.io/cn/flat/64.png,1982,216.0
Francja,2,https://www.countryflags.io/fr/flat/64.png,1982,274.0
Indie,3,https://upload.wikimedia.org/wikipedia/en/thumb/4/41/Flag_of_India.svg/255px-Flag_of_India.svg.png,1982,0.0
Izrael,4,https://www.countryflags.io/il/flat/64.png,1982,35.0
Pakistan,5,https://www.countryflags.io/pk/flat/64.png,1982,0.0
Rosja,6,https://upload.wikimedia.org/wikipedia/en/thumb/f/f3/Flag_of_Russia.svg/255px-Flag_of_Russia.svg.png,1982,33486.0
Wielka Brytania,7,https://www.countryflags.io/gb/flat/64.png,1982,385.0
USA,8,https://upload.wikimedia.org/wikipedia/en/thumb/a/a4/Flag_of_the_United_States.svg/220px-Flag_of_the_United_States.svg.png,1982,22886.0
Korea Pó³nocna,9,https://democracychronicles.org/wp-content/uploads/NK-flag.jpg,1982,
Chiny,1,https://www.countryflags.io/cn/flat/64.png,1983,218.0
Francja,2,https://www.countryflags.io/fr/flat/64.png,1983,279.0
Indie,3,https://upload.wikimedia.org/wikipedia/en/thumb/4/41/Flag_of_India.svg/255px-Flag_of_India.svg.png,1983,0.0
Izrael,4,https://www.countryflags.io/il/flat/64.png,1983,38.0
Pakistan,5,https://www.countryflags.io/pk/flat/64.png,1983,0.0
Rosja,6,https://upload.wikimedia.org/wikipedia/en/thumb/f/f3/Flag_of_Russia.svg/255px-Flag_of_Russia.svg.png,1983,35130.0
Wielka Brytania,7,https://www.countryflags.io/gb/flat/64.png,1983,380.0
USA,8,https://upload.wikimedia.org/wikipedia/en/thumb/a/a4/Flag_of_the_United_States.svg/220px-Flag_of_the_United_States.svg.png,1983,23305.0
Korea Pó³nocna,9,https://democracychronicles.org/wp-content/uploads/NK-flag.jpg,1983,
Chiny,1,https://www.countryflags.io/cn/flat/64.png,1984,220.0
Francja,2,https://www.countryflags.io/fr/flat/64.png,1984,280.0
Indie,3,https://upload.wikimedia.org/wikipedia/en/thumb/4/41/Flag_of_India.svg/255px-Flag_of_India.svg.png,1984,0.0
Izrael,4,https://www.countryflags.io/il/flat/64.png,1984,40.0
Pakistan,5,https://www.countryflags.io/pk/flat/64.png,1984,0.0
Rosja,6,https://upload.wikimedia.org/wikipedia/en/thumb/f/f3/Flag_of_Russia.svg/255px-Flag_of_Russia.svg.png,1984,36825.0
Wielka Brytania,7,https://www.countryflags.io/gb/flat/64.png,1984,350.0
USA,8,https://upload.wikimedia.org/wikipedia/en/thumb/a/a4/Flag_of_the_United_States.svg/220px-Flag_of_the_United_States.svg.png,1984,23459.0
Korea Pó³nocna,9,https://democracychronicles.org/wp-content/uploads/NK-flag.jpg,1984,
Chiny,1,https://www.countryflags.io/cn/flat/64.png,1985,222.0
Francja,2,https://www.countryflags.io/fr/flat/64.png,1985,360.0
Indie,3,https://upload.wikimedia.org/wikipedia/en/thumb/4/41/Flag_of_India.svg/255px-Flag_of_India.svg.png,1985,0.0
Izrael,4,https://www.countryflags.io/il/flat/64.png,1985,42.0
Pakistan,5,https://www.countryflags.io/pk/flat/64.png,1985,0.0
Rosja,6,https://upload.wikimedia.org/wikipedia/en/thumb/f/f3/Flag_of_Russia.svg/255px-Flag_of_Russia.svg.png,1985,38582.0
Wielka Brytania,7,https://www.countryflags.io/gb/flat/64.png,1985,350.0
USA,8,https://upload.wikimedia.org/wikipedia/en/thumb/a/a4/Flag_of_the_United_States.svg/220px-Flag_of_the_United_States.svg.png,1985,23368.0
Korea Pó³nocna,9,https://democracychronicles.org/wp-content/uploads/NK-flag.jpg,1985,
Chiny,1,https://www.countryflags.io/cn/flat/64.png,1986,224.0
Francja,2,https://www.countryflags.io/fr/flat/64.png,1986,355.0
Indie,3,https://upload.wikimedia.org/wikipedia/en/thumb/4/41/Flag_of_India.svg/255px-Flag_of_India.svg.png,1986,0.0
Izrael,4,https://www.countryflags.io/il/flat/64.png,1986,44.0
Pakistan,5,https://www.countryflags.io/pk/flat/64.png,1986,0.0
Rosja,6,https://upload.wikimedia.org/wikipedia/en/thumb/f/f3/Flag_of_Russia.svg/255px-Flag_of_Russia.svg.png,1986,40159.0
Wielka Brytania,7,https://www.countryflags.io/gb/flat/64.png,1986,350.0
USA,8,https://upload.wikimedia.org/wikipedia/en/thumb/a/a4/Flag_of_the_United_States.svg/220px-Flag_of_the_United_States.svg.png,1986,23317.0
Korea Pó³nocna,9,https://democracychronicles.org/wp-content/uploads/NK-flag.jpg,1986,
Chiny,1,https://www.countryflags.io/cn/flat/64.png,1987,226.0
Francja,2,https://www.countryflags.io/fr/flat/64.png,1987,420.0
Indie,3,https://upload.wikimedia.org/wikipedia/en/thumb/4/41/Flag_of_India.svg/255px-Flag_of_India.svg.png,1987,0.0
Izrael,4,https://www.countryflags.io/il/flat/64.png,1987,47.0
Pakistan,5,https://www.countryflags.io/pk/flat/64.png,1987,0.0
Rosja,6,https://upload.wikimedia.org/wikipedia/en/thumb/f/f3/Flag_of_Russia.svg/255px-Flag_of_Russia.svg.png,1987,38107.0
Wielka Brytania,7,https://www.countryflags.io/gb/flat/64.png,1987,350.0
USA,8,https://upload.wikimedia.org/wikipedia/en/thumb/a/a4/Flag_of_the_United_States.svg/220px-Flag_of_the_United_States.svg.png,1987,23575.0
Korea Pó³nocna,9,https://democracychronicles.org/wp-content/uploads/NK-flag.jpg,1987,
Chiny,1,https://www.countryflags.io/cn/flat/64.png,1988,228.0
Francja,2,https://www.countryflags.io/fr/flat/64.png,1988,410.0
Indie,3,https://upload.wikimedia.org/wikipedia/en/thumb/4/41/Flag_of_India.svg/255px-Flag_of_India.svg.png,1988,0.0
Izrael,4,https://www.countryflags.io/il/flat/64.png,1988,49.0
Pakistan,5,https://www.countryflags.io/pk/flat/64.png,1988,0.0
Rosja,6,https://upload.wikimedia.org/wikipedia/en/thumb/f/f3/Flag_of_Russia.svg/255px-Flag_of_Russia.svg.png,1988,36538.0
Wielka Brytania,7,https://www.countryflags.io/gb/flat/64.png,1988,350.0
USA,8,https://upload.wikimedia.org/wikipedia/en/thumb/a/a4/Flag_of_the_United_States.svg/220px-Flag_of_the_United_States.svg.png,1988,23205.0
Korea Pó³nocna,9,https://democracychronicles.org/wp-content/uploads/NK-flag.jpg,1988,
Chiny,1,https://www.countryflags.io/cn/flat/64.png,1989,230.0
Francja,2,https://www.countryflags.io/fr/flat/64.png,1989,410.0
Indie,3,https://upload.wikimedia.org/wikipedia/en/thumb/4/41/Flag_of_India.svg/255px-Flag_of_India.svg.png,1989,0.0
Izrael,4,https://www.countryflags.io/il/flat/64.png,1989,51.0
Pakistan,5,https://www.countryflags.io/pk/flat/64.png,1989,0.0
Rosja,6,https://upload.wikimedia.org/wikipedia/en/thumb/f/f3/Flag_of_Russia.svg/255px-Flag_of_Russia.svg.png,1989,35078.0
Wielka Brytania,7,https://www.countryflags.io/gb/flat/64.png,1989,350.0
USA,8,https://upload.wikimedia.org/wikipedia/en/thumb/a/a4/Flag_of_the_United_States.svg/220px-Flag_of_the_United_States.svg.png,1989,22217.0
Korea Pó³nocna,9,https://democracychronicles.org/wp-content/uploads/NK-flag.jpg,1989,
Chiny,1,https://www.countryflags.io/cn/flat/64.png,1990,232.0
Francja,2,https://www.countryflags.io/fr/flat/64.png,1990,505.0
Indie,3,https://upload.wikimedia.org/wikipedia/en/thumb/4/41/Flag_of_India.svg/255px-Flag_of_India.svg.png,1990,0.0
Izrael,4,https://www.countryflags.io/il/flat/64.png,1990,53.0
Pakistan,5,https://www.countryflags.io/pk/flat/64.png,1990,0.0
Rosja,6,https://upload.wikimedia.org/wikipedia/en/thumb/f/f3/Flag_of_Russia.svg/255px-Flag_of_Russia.svg.png,1990,32980.0
Wielka Brytania,7,https://www.countryflags.io/gb/flat/64.png,1990,350.0
USA,8,https://upload.wikimedia.org/wikipedia/en/thumb/a/a4/Flag_of_the_United_States.svg/220px-Flag_of_the_United_States.svg.png,1990,21392.0
Korea Pó³nocna,9,https://democracychronicles.org/wp-content/uploads/NK-flag.jpg,1990,
Chiny,1,https://www.countryflags.io/cn/flat/64.png,1991,234.0
Francja,2,https://www.countryflags.io/fr/flat/64.png,1991,540.0
Indie,3,https://upload.wikimedia.org/wikipedia/en/thumb/4/41/Flag_of_India.svg/255px-Flag_of_India.svg.png,1991,0.0
Izrael,4,https://www.countryflags.io/il/flat/64.png,1991,56.0
Pakistan,5,https://www.countryflags.io/pk/flat/64.png,1991,0.0
Rosja,6,https://upload.wikimedia.org/wikipedia/en/thumb/f/f3/Flag_of_Russia.svg/255px-Flag_of_Russia.svg.png,1991,29154.0
Wielka Brytania,7,https://www.countryflags.io/gb/flat/64.png,1991,350.0
USA,8,https://upload.wikimedia.org/wikipedia/en/thumb/a/a4/Flag_of_the_United_States.svg/220px-Flag_of_the_United_States.svg.png,1991,19008.0
Korea Pó³nocna,9,https://democracychronicles.org/wp-content/uploads/NK-flag.jpg,1991,
Chiny,1,https://www.countryflags.io/cn/flat/64.png,1992,234.0
Francja,2,https://www.countryflags.io/fr/flat/64.png,1992,540.0
Indie,3,https://upload.wikimedia.org/wikipedia/en/thumb/4/41/Flag_of_India.svg/255px-Flag_of_India.svg.png,1992,0.0
Izrael,4,https://www.countryflags.io/il/flat/64.png,1992,58.0
Pakistan,5,https://www.countryflags.io/pk/flat/64.png,1992,0.0
Rosja,6,https://upload.wikimedia.org/wikipedia/en/thumb/f/f3/Flag_of_Russia.svg/255px-Flag_of_Russia.svg.png,1992,26734.0
Wielka Brytania,7,https://www.countryflags.io/gb/flat/64.png,1992,250.0
USA,8,https://upload.wikimedia.org/wikipedia/en/thumb/a/a4/Flag_of_the_United_States.svg/220px-Flag_of_the_United_States.svg.png,1992,13708.0
Korea Pó³nocna,9,https://democracychronicles.org/wp-content/uploads/NK-flag.jpg,1992,
Chiny,1,https://www.countryflags.io/cn/flat/64.png,1993,234.0
Francja,2,https://www.countryflags.io/fr/flat/64.png,1993,525.0
Indie,3,https://upload.wikimedia.org/wikipedia/en/thumb/4/41/Flag_of_India.svg/255px-Flag_of_India.svg.png,1993,0.0
Izrael,4,https://www.countryflags.io/il/flat/64.png,1993,60.0
Pakistan,5,https://www.countryflags.io/pk/flat/64.png,1993,0.0
Rosja,6,https://upload.wikimedia.org/wikipedia/en/thumb/f/f3/Flag_of_Russia.svg/255px-Flag_of_Russia.svg.png,1993,24403.0
Wielka Brytania,7,https://www.countryflags.io/gb/flat/64.png,1993,250.0
USA,8,https://upload.wikimedia.org/wikipedia/en/thumb/a/a4/Flag_of_the_United_States.svg/220px-Flag_of_the_United_States.svg.png,1993,11511.0
Korea Pó³nocna,9,https://democracychronicles.org/wp-content/uploads/NK-flag.jpg,1993,
Chiny,1,https://www.countryflags.io/cn/flat/64.png,1994,234.0
Francja,2,https://www.countryflags.io/fr/flat/64.png,1994,510.0
Indie,3,https://upload.wikimedia.org/wikipedia/en/thumb/4/41/Flag_of_India.svg/255px-Flag_of_India.svg.png,1994,0.0
Izrael,4,https://www.countryflags.io/il/flat/64.png,1994,62.0
Pakistan,5,https://www.countryflags.io/pk/flat/64.png,1994,0.0
Rosja,6,https://upload.wikimedia.org/wikipedia/en/thumb/f/f3/Flag_of_Russia.svg/255px-Flag_of_Russia.svg.png,1994,21339.0
Wielka Brytania,7,https://www.countryflags.io/gb/flat/64.png,1994,250.0
USA,8,https://upload.wikimedia.org/wikipedia/en/thumb/a/a4/Flag_of_the_United_States.svg/220px-Flag_of_the_United_States.svg.png,1994,10979.0
Korea Pó³nocna,9,https://democracychronicles.org/wp-content/uploads/NK-flag.jpg,1994,
Chiny,1,https://www.countryflags.io/cn/flat/64.png,1995,234.0
Francja,2,https://www.countryflags.io/fr/flat/64.png,1995,500.0
Indie,3,https://upload.wikimedia.org/wikipedia/en/thumb/4/41/Flag_of_India.svg/255px-Flag_of_India.svg.png,1995,0.0
Izrael,4,https://www.countryflags.io/il/flat/64.png,1995,63.0
Pakistan,5,https://www.countryflags.io/pk/flat/64.png,1995,0.0
Rosja,6,https://upload.wikimedia.org/wikipedia/en/thumb/f/f3/Flag_of_Russia.svg/255px-Flag_of_Russia.svg.png,1995,18179.0
Wielka Brytania,7,https://www.countryflags.io/gb/flat/64.png,1995,234.0
USA,8,https://upload.wikimedia.org/wikipedia/en/thumb/a/a4/Flag_of_the_United_States.svg/220px-Flag_of_the_United_States.svg.png,1995,10904.0
Korea Pó³nocna,9,https://democracychronicles.org/wp-content/uploads/NK-flag.jpg,1995,
Chiny,1,https://www.countryflags.io/cn/flat/64.png,1996,234.0
Francja,2,https://www.countryflags.io/fr/flat/64.png,1996,450.0
Indie,3,https://upload.wikimedia.org/wikipedia/en/thumb/4/41/Flag_of_India.svg/255px-Flag_of_India.svg.png,1996,0.0
Izrael,4,https://www.countryflags.io/il/flat/64.png,1996,64.0
Pakistan,5,https://www.countryflags.io/pk/flat/64.png,1996,0.0
Rosja,6,https://upload.wikimedia.org/wikipedia/en/thumb/f/f3/Flag_of_Russia.svg/255px-Flag_of_Russia.svg.png,1996,15942.0
Wielka Brytania,7,https://www.countryflags.io/gb/flat/64.png,1996,203.0
USA,8,https://upload.wikimedia.org/wikipedia/en/thumb/a/a4/Flag_of_the_United_States.svg/220px-Flag_of_the_United_States.svg.png,1996,11011.0
Korea Pó³nocna,9,https://democracychronicles.org/wp-content/uploads/NK-flag.jpg,1996,
Chiny,1,https://www.countryflags.io/cn/flat/64.png,1997,232.0
Francja,2,https://www.countryflags.io/fr/flat/64.png,1997,450.0
Indie,3,https://upload.wikimedia.org/wikipedia/en/thumb/4/41/Flag_of_India.svg/255px-Flag_of_India.svg.png,1997,0.0
Izrael,4,https://www.countryflags.io/il/flat/64.png,1997,66.0
Pakistan,5,https://www.countryflags.io/pk/flat/64.png,1997,0.0
Rosja,6,https://upload.wikimedia.org/wikipedia/en/thumb/f/f3/Flag_of_Russia.svg/255px-Flag_of_Russia.svg.png,1997,15442.0
Wielka Brytania,7,https://www.countryflags.io/gb/flat/64.png,1997,203.0
USA,8,https://upload.wikimedia.org/wikipedia/en/thumb/a/a4/Flag_of_the_United_States.svg/220px-Flag_of_the_United_States.svg.png,1997,10903.0
Korea Pó³nocna,9,https://democracychronicles.org/wp-content/uploads/NK-flag.jpg,1997,
Chiny,1,https://www.countryflags.io/cn/flat/64.png,1998,232.0
Francja,2,https://www.countryflags.io/fr/flat/64.png,1998,450.0
Indie,3,https://upload.wikimedia.org/wikipedia/en/thumb/4/41/Flag_of_India.svg/255px-Flag_of_India.svg.png,1998,3.0
Izrael,4,https://www.countryflags.io/il/flat/64.png,1998,68.0
Pakistan,5,https://www.countryflags.io/pk/flat/64.png,1998,2.0
Rosja,6,https://upload.wikimedia.org/wikipedia/en/thumb/f/f3/Flag_of_Russia.svg/255px-Flag_of_Russia.svg.png,1998,14368.0
Wielka Brytania,7,https://www.countryflags.io/gb/flat/64.png,1998,240.0
USA,8,https://upload.wikimedia.org/wikipedia/en/thumb/a/a4/Flag_of_the_United_States.svg/220px-Flag_of_the_United_States.svg.png,1998,10732.0
Korea Pó³nocna,9,https://democracychronicles.org/wp-content/uploads/NK-flag.jpg,1998,
Chiny,1,https://www.countryflags.io/cn/flat/64.png,1999,232.0
Francja,2,https://www.countryflags.io/fr/flat/64.png,1999,450.0
Indie,3,https://upload.wikimedia.org/wikipedia/en/thumb/4/41/Flag_of_India.svg/255px-Flag_of_India.svg.png,1999,8.0
Izrael,4,https://www.countryflags.io/il/flat/64.png,1999,70.0
Pakistan,5,https://www.countryflags.io/pk/flat/64.png,1999,8.0
Rosja,6,https://upload.wikimedia.org/wikipedia/en/thumb/f/f3/Flag_of_Russia.svg/255px-Flag_of_Russia.svg.png,1999,13188.0
Wielka Brytania,7,https://www.countryflags.io/gb/flat/64.png,1999,240.0
USA,8,https://upload.wikimedia.org/wikipedia/en/thumb/a/a4/Flag_of_the_United_States.svg/220px-Flag_of_the_United_States.svg.png,1999,10685.0
Korea Pó³nocna,9,https://democracychronicles.org/wp-content/uploads/NK-flag.jpg,1999,
Chiny,1,https://www.countryflags.io/cn/flat/64.png,2000,232.0
Francja,2,https://www.countryflags.io/fr/flat/64.png,2000,470.0
Indie,3,https://upload.wikimedia.org/wikipedia/en/thumb/4/41/Flag_of_India.svg/255px-Flag_of_India.svg.png,2000,13.0
Izrael,4,https://www.countryflags.io/il/flat/64.png,2000,72.0
Pakistan,5,https://www.countryflags.io/pk/flat/64.png,2000,14.0
Rosja,6,https://upload.wikimedia.org/wikipedia/en/thumb/f/f3/Flag_of_Russia.svg/255px-Flag_of_Russia.svg.png,2000,12188.0
Wielka Brytania,7,https://www.countryflags.io/gb/flat/64.png,2000,280.0
USA,8,https://upload.wikimedia.org/wikipedia/en/thumb/a/a4/Flag_of_the_United_States.svg/220px-Flag_of_the_United_States.svg.png,2000,10577.0
Korea Pó³nocna,9,https://democracychronicles.org/wp-content/uploads/NK-flag.jpg,2000,
Chiny,1,https://www.countryflags.io/cn/flat/64.png,2001,235.0
Francja,2,https://www.countryflags.io/fr/flat/64.png,2001,350.0
Indie,3,https://upload.wikimedia.org/wikipedia/en/thumb/4/41/Flag_of_India.svg/255px-Flag_of_India.svg.png,2001,18.0
Izrael,4,https://www.countryflags.io/il/flat/64.png,2001,74.0
Pakistan,5,https://www.countryflags.io/pk/flat/64.png,2001,20.0
Rosja,6,https://upload.wikimedia.org/wikipedia/en/thumb/f/f3/Flag_of_Russia.svg/255px-Flag_of_Russia.svg.png,2001,11152.0
Wielka Brytania,7,https://www.countryflags.io/gb/flat/64.png,2001,280.0
USA,8,https://upload.wikimedia.org/wikipedia/en/thumb/a/a4/Flag_of_the_United_States.svg/220px-Flag_of_the_United_States.svg.png,2001,10526.0
Korea Pó³nocna,9,https://democracychronicles.org/wp-content/uploads/NK-flag.jpg,2001,
Chiny,1,https://www.countryflags.io/cn/flat/64.png,2002,235.0
Francja,2,https://www.countryflags.io/fr/flat/64.png,2002,350.0
Indie,3,https://upload.wikimedia.org/wikipedia/en/thumb/4/41/Flag_of_India.svg/255px-Flag_of_India.svg.png,2002,23.0
Izrael,4,https://www.countryflags.io/il/flat/64.png,2002,76.0
Pakistan,5,https://www.countryflags.io/pk/flat/64.png,2002,26.0
Rosja,6,https://upload.wikimedia.org/wikipedia/en/thumb/f/f3/Flag_of_Russia.svg/255px-Flag_of_Russia.svg.png,2002,10114.0
Wielka Brytania,7,https://www.countryflags.io/gb/flat/64.png,2002,280.0
USA,8,https://upload.wikimedia.org/wikipedia/en/thumb/a/a4/Flag_of_the_United_States.svg/220px-Flag_of_the_United_States.svg.png,2002,10457.0
Korea Pó³nocna,9,https://democracychronicles.org/wp-content/uploads/NK-flag.jpg,2002,
Chiny,1,https://www.countryflags.io/cn/flat/64.png,2003,235.0
Francja,2,https://www.countryflags.io/fr/flat/64.png,2003,350.0
Indie,3,https://upload.wikimedia.org/wikipedia/en/thumb/4/41/Flag_of_India.svg/255px-Flag_of_India.svg.png,2003,28.0
Izrael,4,https://www.countryflags.io/il/flat/64.png,2003,78.0
Pakistan,5,https://www.countryflags.io/pk/flat/64.png,2003,32.0
Rosja,6,https://upload.wikimedia.org/wikipedia/en/thumb/f/f3/Flag_of_Russia.svg/255px-Flag_of_Russia.svg.png,2003,9076.0
Wielka Brytania,7,https://www.countryflags.io/gb/flat/64.png,2003,280.0
USA,8,https://upload.wikimedia.org/wikipedia/en/thumb/a/a4/Flag_of_the_United_States.svg/220px-Flag_of_the_United_States.svg.png,2003,10027.0
Korea Pó³nocna,9,https://democracychronicles.org/wp-content/uploads/NK-flag.jpg,2003,
Chiny,1,https://www.countryflags.io/cn/flat/64.png,2004,235.0
Francja,2,https://www.countryflags.io/fr/flat/64.png,2004,350.0
Indie,3,https://upload.wikimedia.org/wikipedia/en/thumb/4/41/Flag_of_India.svg/255px-Flag_of_India.svg.png,2004,33.0
Izrael,4,https://www.countryflags.io/il/flat/64.png,2004,80.0
Pakistan,5,https://www.countryflags.io/pk/flat/64.png,2004,38.0
Rosja,6,https://upload.wikimedia.org/wikipedia/en/thumb/f/f3/Flag_of_Russia.svg/255px-Flag_of_Russia.svg.png,2004,8038.0
Wielka Brytania,7,https://www.countryflags.io/gb/flat/64.png,2004,280.0
USA,8,https://upload.wikimedia.org/wikipedia/en/thumb/a/a4/Flag_of_the_United_States.svg/220px-Flag_of_the_United_States.svg.png,2004,8570.0
Korea Pó³nocna,9,https://democracychronicles.org/wp-content/uploads/NK-flag.jpg,2004,
Chiny,1,https://www.countryflags.io/cn/flat/64.png,2005,235.0
Francja,2,https://www.countryflags.io/fr/flat/64.png,2005,350.0
Indie,3,https://upload.wikimedia.org/wikipedia/en/thumb/4/41/Flag_of_India.svg/255px-Flag_of_India.svg.png,2005,38.0
Izrael,4,https://www.countryflags.io/il/flat/64.png,2005,80.0
Pakistan,5,https://www.countryflags.io/pk/flat/64.png,2005,44.0
Rosja,6,https://upload.wikimedia.org/wikipedia/en/thumb/f/f3/Flag_of_Russia.svg/255px-Flag_of_Russia.svg.png,2005,7000.0
Wielka Brytania,7,https://www.countryflags.io/gb/flat/64.png,2005,280.0
USA,8,https://upload.wikimedia.org/wikipedia/en/thumb/a/a4/Flag_of_the_United_States.svg/220px-Flag_of_the_United_States.svg.png,2005,8360.0
Korea Pó³nocna,9,https://democracychronicles.org/wp-content/uploads/NK-flag.jpg,2005,
Chiny,1,https://www.countryflags.io/cn/flat/64.png,2006,235.0
Francja,2,https://www.countryflags.io/fr/flat/64.png,2006,350.0
Indie,3,https://upload.wikimedia.org/wikipedia/en/thumb/4/41/Flag_of_India.svg/255px-Flag_of_India.svg.png,2006,43.0
Izrael,4,https://www.countryflags.io/il/flat/64.png,2006,80.0
Pakistan,5,https://www.countryflags.io/pk/flat/64.png,2006,50.0
Rosja,6,https://upload.wikimedia.org/wikipedia/en/thumb/f/f3/Flag_of_Russia.svg/255px-Flag_of_Russia.svg.png,2006,6643.0
Wielka Brytania,7,https://www.countryflags.io/gb/flat/64.png,2006,225.0
USA,8,https://upload.wikimedia.org/wikipedia/en/thumb/a/a4/Flag_of_the_United_States.svg/220px-Flag_of_the_United_States.svg.png,2006,7853.0
Korea Pó³nocna,9,https://democracychronicles.org/wp-content/uploads/NK-flag.jpg,2006,
Chiny,1,https://www.countryflags.io/cn/flat/64.png,2007,235.0
Francja,2,https://www.countryflags.io/fr/flat/64.png,2007,350.0
Indie,3,https://upload.wikimedia.org/wikipedia/en/thumb/4/41/Flag_of_India.svg/255px-Flag_of_India.svg.png,2007,50.0
Izrael,4,https://www.countryflags.io/il/flat/64.png,2007,80.0
Pakistan,5,https://www.countryflags.io/pk/flat/64.png,2007,60.0
Rosja,6,https://upload.wikimedia.org/wikipedia/en/thumb/f/f3/Flag_of_Russia.svg/255px-Flag_of_Russia.svg.png,2007,6286.0
Wielka Brytania,7,https://www.countryflags.io/gb/flat/64.png,2007,225.0
USA,8,https://upload.wikimedia.org/wikipedia/en/thumb/a/a4/Flag_of_the_United_States.svg/220px-Flag_of_the_United_States.svg.png,2007,5709.0
Korea Pó³nocna,9,https://democracychronicles.org/wp-content/uploads/NK-flag.jpg,2007,
Chiny,1,https://www.countryflags.io/cn/flat/64.png,2008,235.0
Francja,2,https://www.countryflags.io/fr/flat/64.png,2008,300.0
Indie,3,https://upload.wikimedia.org/wikipedia/en/thumb/4/41/Flag_of_India.svg/255px-Flag_of_India.svg.png,2008,60.0
Izrael,4,https://www.countryflags.io/il/flat/64.png,2008,80.0
Pakistan,5,https://www.countryflags.io/pk/flat/64.png,2008,70.0
Rosja,6,https://upload.wikimedia.org/wikipedia/en/thumb/f/f3/Flag_of_Russia.svg/255px-Flag_of_Russia.svg.png,2008,5929.0
Wielka Brytania,7,https://www.countryflags.io/gb/flat/64.png,2008,225.0
USA,8,https://upload.wikimedia.org/wikipedia/en/thumb/a/a4/Flag_of_the_United_States.svg/220px-Flag_of_the_United_States.svg.png,2008,5273.0
Korea Pó³nocna,9,https://democracychronicles.org/wp-content/uploads/NK-flag.jpg,2008,3.0
Chiny,1,https://www.countryflags.io/cn/flat/64.png,2009,240.0
Francja,2,https://www.countryflags.io/fr/flat/64.png,2009,300.0
Indie,3,https://upload.wikimedia.org/wikipedia/en/thumb/4/41/Flag_of_India.svg/255px-Flag_of_India.svg.png,2009,70.0
Izrael,4,https://www.countryflags.io/il/flat/64.png,2009,80.0
Pakistan,5,https://www.countryflags.io/pk/flat/64.png,2009,80.0
Rosja,6,https://upload.wikimedia.org/wikipedia/en/thumb/f/f3/Flag_of_Russia.svg/255px-Flag_of_Russia.svg.png,2009,5527.0
Wielka Brytania,7,https://www.countryflags.io/gb/flat/64.png,2009,225.0
USA,8,https://upload.wikimedia.org/wikipedia/en/thumb/a/a4/Flag_of_the_United_States.svg/220px-Flag_of_the_United_States.svg.png,2009,5113.0
Korea Pó³nocna,9,https://democracychronicles.org/wp-content/uploads/NK-flag.jpg,2009,4.0
Chiny,1,https://www.countryflags.io/cn/flat/64.png,2010,240.0
Francja,2,https://www.countryflags.io/fr/flat/64.png,2010,300.0
Indie,3,https://upload.wikimedia.org/wikipedia/en/thumb/4/41/Flag_of_India.svg/255px-Flag_of_India.svg.png,2010,80.0
Izrael,4,https://www.countryflags.io/il/flat/64.png,2010,80.0
Pakistan,5,https://www.countryflags.io/pk/flat/64.png,2010,90.0
Rosja,6,https://upload.wikimedia.org/wikipedia/en/thumb/f/f3/Flag_of_Russia.svg/255px-Flag_of_Russia.svg.png,2010,5215.0
Wielka Brytania,7,https://www.countryflags.io/gb/flat/64.png,2010,225.0
USA,8,https://upload.wikimedia.org/wikipedia/en/thumb/a/a4/Flag_of_the_United_States.svg/220px-Flag_of_the_United_States.svg.png,2010,4950.0
Korea Pó³nocna,9,https://democracychronicles.org/wp-content/uploads/NK-flag.jpg,2010,5.0
Chiny,1,https://www.countryflags.io/cn/flat/64.png,2011,240.0
Francja,2,https://www.countryflags.io/fr/flat/64.png,2011,300.0
Indie,3,https://upload.wikimedia.org/wikipedia/en/thumb/4/41/Flag_of_India.svg/255px-Flag_of_India.svg.png,2011,90.0
Izrael,4,https://www.countryflags.io/il/flat/64.png,2011,80.0
Pakistan,5,https://www.countryflags.io/pk/flat/64.png,2011,100.0
Rosja,6,https://upload.wikimedia.org/wikipedia/en/thumb/f/f3/Flag_of_Russia.svg/255px-Flag_of_Russia.svg.png,2011,4858.0
Wielka Brytania,7,https://www.countryflags.io/gb/flat/64.png,2011,225.0
USA,8,https://upload.wikimedia.org/wikipedia/en/thumb/a/a4/Flag_of_the_United_States.svg/220px-Flag_of_the_United_States.svg.png,2011,4763.0
Korea Pó³nocna,9,https://democracychronicles.org/wp-content/uploads/NK-flag.jpg,2011,6.0
Chiny,1,https://www.countryflags.io/cn/flat/64.png,2012,240.0
Francja,2,https://www.countryflags.io/fr/flat/64.png,2012,300.0
Indie,3,https://upload.wikimedia.org/wikipedia/en/thumb/4/41/Flag_of_India.svg/255px-Flag_of_India.svg.png,2012,100.0
Izrael,4,https://www.countryflags.io/il/flat/64.png,2012,80.0
Pakistan,5,https://www.countryflags.io/pk/flat/64.png,2012,110.0
Rosja,6,https://upload.wikimedia.org/wikipedia/en/thumb/f/f3/Flag_of_Russia.svg/255px-Flag_of_Russia.svg.png,2012,4500.0
Wielka Brytania,7,https://www.countryflags.io/gb/flat/64.png,2012,225.0
USA,8,https://upload.wikimedia.org/wikipedia/en/thumb/a/a4/Flag_of_the_United_States.svg/220px-Flag_of_the_United_States.svg.png,2012,4680.0
Korea Pó³nocna,9,https://democracychronicles.org/wp-content/uploads/NK-flag.jpg,2012,9.0
Chiny,1,https://www.countryflags.io/cn/flat/64.png,2013,250.0
Francja,2,https://www.countryflags.io/fr/flat/64.png,2013,300.0
Indie,3,https://upload.wikimedia.org/wikipedia/en/thumb/4/41/Flag_of_India.svg/255px-Flag_of_India.svg.png,2013,110.0
Izrael,4,https://www.countryflags.io/il/flat/64.png,2013,80.0
Pakistan,5,https://www.countryflags.io/pk/flat/64.png,2013,120.0
Rosja,6,https://upload.wikimedia.org/wikipedia/en/thumb/f/f3/Flag_of_Russia.svg/255px-Flag_of_Russia.svg.png,2013,4480.0
Wielka Brytania,7,https://www.countryflags.io/gb/flat/64.png,2013,225.0
USA,8,https://upload.wikimedia.org/wikipedia/en/thumb/a/a4/Flag_of_the_United_States.svg/220px-Flag_of_the_United_States.svg.png,2013,4650.0
Korea Pó³nocna,9,https://democracychronicles.org/wp-content/uploads/NK-flag.jpg,2013,12.0
Chiny,1,https://www.countryflags.io/cn/flat/64.png,2014,250.0
Francja,2,https://www.countryflags.io/fr/flat/64.png,2014,300.0
Indie,3,https://upload.wikimedia.org/wikipedia/en/thumb/4/41/Flag_of_India.svg/255px-Flag_of_India.svg.png,2014,110.0
Izrael,4,https://www.countryflags.io/il/flat/64.png,2014,80.0
Pakistan,5,https://www.countryflags.io/pk/flat/64.png,2014,120.0
Rosja,6,https://upload.wikimedia.org/wikipedia/en/thumb/f/f3/Flag_of_Russia.svg/255px-Flag_of_Russia.svg.png,2014,4300.0
Wielka Brytania,7,https://www.countryflags.io/gb/flat/64.png,2014,225.0
USA,8,https://upload.wikimedia.org/wikipedia/en/thumb/a/a4/Flag_of_the_United_States.svg/220px-Flag_of_the_United_States.svg.png,2014,4760.0
Korea Pó³nocna,9,https://democracychronicles.org/wp-content/uploads/NK-flag.jpg,2014,14.0
Chiny,1,https://www.countryflags.io/cn/flat/64.png,2015,252.0
Francja,2,https://www.countryflags.io/fr/flat/64.png,2015,290.0
Indie,3,https://upload.wikimedia.org/wikipedia/en/thumb/4/41/Flag_of_India.svg/255px-Flag_of_India.svg.png,2015,150.0
Izrael,4,https://www.countryflags.io/il/flat/64.png,2015,80.0
Pakistan,5,https://www.countryflags.io/pk/flat/64.png,2015,158.0
Rosja,6,https://upload.wikimedia.org/wikipedia/en/thumb/f/f3/Flag_of_Russia.svg/255px-Flag_of_Russia.svg.png,2015,4300.0
Wielka Brytania,7,https://www.countryflags.io/gb/flat/64.png,2015,215.0
USA,8,https://upload.wikimedia.org/wikipedia/en/thumb/a/a4/Flag_of_the_United_States.svg/220px-Flag_of_the_United_States.svg.png,2015,4760.0
Korea Pó³nocna,9,https://democracychronicles.org/wp-content/uploads/NK-flag.jpg,2015,18.0
Chiny,1,https://www.countryflags.io/cn/flat/64.png,2016,260.0
Francja,2,https://www.countryflags.io/fr/flat/64.png,2016,290.0
Indie,3,https://upload.wikimedia.org/wikipedia/en/thumb/4/41/Flag_of_India.svg/255px-Flag_of_India.svg.png,2016,150.0
Izrael,4,https://www.countryflags.io/il/flat/64.png,2016,80.0
Pakistan,5,https://www.countryflags.io/pk/flat/64.png,2016,187.0
Rosja,6,https://upload.wikimedia.org/wikipedia/en/thumb/f/f3/Flag_of_Russia.svg/255px-Flag_of_Russia.svg.png,2016,4300.0
Wielka Brytania,7,https://www.countryflags.io/gb/flat/64.png,2016,215.0
USA,8,https://upload.wikimedia.org/wikipedia/en/thumb/a/a4/Flag_of_the_United_States.svg/220px-Flag_of_the_United_States.svg.png,2016,4240.0
Korea Pó³nocna,9,https://democracychronicles.org/wp-content/uploads/NK-flag.jpg,2016,22.0
Chiny,1,https://www.countryflags.io/cn/flat/64.png,2017,266.0
Francja,2,https://www.countryflags.io/fr/flat/64.png,2017,290.0
Indie,3,https://upload.wikimedia.org/wikipedia/en/thumb/4/41/Flag_of_India.svg/255px-Flag_of_India.svg.png,2017,126.0
Izrael,4,https://www.countryflags.io/il/flat/64.png,2017,80.0
Pakistan,5,https://www.countryflags.io/pk/flat/64.png,2017,180.0
Rosja,6,https://upload.wikimedia.org/wikipedia/en/thumb/f/f3/Flag_of_Russia.svg/255px-Flag_of_Russia.svg.png,2017,4370.0
Wielka Brytania,7,https://www.countryflags.io/gb/flat/64.png,2017,215.0
USA,8,https://upload.wikimedia.org/wikipedia/en/thumb/a/a4/Flag_of_the_United_States.svg/220px-Flag_of_the_United_States.svg.png,2017,4007.0
Korea Pó³nocna,9,https://democracychronicles.org/wp-content/uploads/NK-flag.jpg,2017,24.0
Chiny,1,https://www.countryflags.io/cn/flat/64.png,2018,280.0
Francja,2,https://www.countryflags.io/fr/flat/64.png,2018,290.0
Indie,3,https://upload.wikimedia.org/wikipedia/en/thumb/4/41/Flag_of_India.svg/255px-Flag_of_India.svg.png,2018,140.0
Izrael,4,https://www.countryflags.io/il/flat/64.png,2018,80.0
Pakistan,5,https://www.countryflags.io/pk/flat/64.png,2018,158.0
Rosja,6,https://upload.wikimedia.org/wikipedia/en/thumb/f/f3/Flag_of_Russia.svg/255px-Flag_of_Russia.svg.png,2018,4300.0
Wielka Brytania,7,https://www.countryflags.io/gb/flat/64.png,2018,215.0
USA,8,https://upload.wikimedia.org/wikipedia/en/thumb/a/a4/Flag_of_the_United_States.svg/220px-Flag_of_the_United_States.svg.png,2018,4007.0
Korea Pó³nocna,9,https://democracychronicles.org/wp-content/uploads/NK-flag.jpg,2018,26.0
Chiny,1,https://www.countryflags.io/cn/flat/64.png,2019,290.0
Francja,2,https://www.countryflags.io/fr/flat/64.png,2019,300.0
Indie,3,https://upload.wikimedia.org/wikipedia/en/thumb/4/41/Flag_of_India.svg/255px-Flag_of_India.svg.png,2019,150.0
Izrael,4,https://www.countryflags.io/il/flat/64.png,2019,80.0
Pakistan,5,https://www.countryflags.io/pk/flat/64.png,2019,150.0
Rosja,6,https://upload.wikimedia.org/wikipedia/en/thumb/f/f3/Flag_of_Russia.svg/255px-Flag_of_Russia.svg.png,2019,4250.0
Wielka Brytania,7,https://www.countryflags.io/gb/flat/64.png,2019,215.0
USA,8,https://upload.wikimedia.org/wikipedia/en/thumb/a/a4/Flag_of_the_United_States.svg/220px-Flag_of_the_United_States.svg.png,2019,3975.0
Korea Pó³nocna,9,https://democracychronicles.org/wp-content/uploads/NK-flag.jpg,2019,30.0
